country,Inactive,Active,Total
DE,55,7235,7290
AT,0,429,429
CH,0,143,143
FR,0,126,126
IT,0,77,77
ES,0,54,54
PL,0,38,38
BE,0,29,29
CZ,0,21,21
LU,0,18,18
SK,1,14,15
PT,0,13,13
HU,0,13,13
GB,0,12,12
DK,0,11,11
NL,0,10,10
SE,0,10,10
GR,0,6,6
SI,0,6,6
RO,0,5,5
IE,0,4,4
HR,0,4,4
CN,0,3,3
US,0,3,3
NO,0,2,2
BG,0,2,2
LT,0,2,2
SG,0,2,2
CY,0,1,1
FI,0,1,1
LI,0,1,1
IS,0,1,1
IN,0,1,1
GE,0,1,1
MA,0,1,1
MC,0,1,1
RE,0,1,1
ZA,0,1,1
